{
  "HTTP Request Lichess main page-1" : {
    "transaction" : "HTTP Request Lichess main page-1",
    "sampleCount" : 200,
    "errorCount" : 165,
    "errorPct" : 82.5,
    "meanResTime" : 780.9049999999997,
    "medianResTime" : 714.5,
    "minResTime" : 686.0,
    "maxResTime" : 1960.0,
    "pct1ResTime" : 939.6,
    "pct2ResTime" : 980.55,
    "pct3ResTime" : 1940.340000000006,
    "throughput" : 18.716077110237695,
    "receivedKBytesPerSec" : 130.0275696588995,
    "sentKBytesPerSec" : 2.1019031910911474
  },
  "HTTP Request Lichess main page" : {
    "transaction" : "HTTP Request Lichess main page",
    "sampleCount" : 200,
    "errorCount" : 165,
    "errorPct" : 82.5,
    "meanResTime" : 1521.614999999999,
    "medianResTime" : 1446.5,
    "minResTime" : 1373.0,
    "maxResTime" : 2685.0,
    "pct1ResTime" : 1687.0,
    "pct2ResTime" : 1956.2999999999997,
    "pct3ResTime" : 2666.9,
    "throughput" : 17.525411847178407,
    "receivedKBytesPerSec" : 130.073298665878,
    "sentKBytesPerSec" : 4.004830441640379
  },
  "HTTP Request Lichess main page-0" : {
    "transaction" : "HTTP Request Lichess main page-0",
    "sampleCount" : 200,
    "errorCount" : 0,
    "errorPct" : 0.0,
    "meanResTime" : 740.285,
    "medianResTime" : 709.5,
    "minResTime" : 677.0,
    "maxResTime" : 1959.0,
    "pct1ResTime" : 774.8,
    "pct2ResTime" : 790.8499999999999,
    "pct3ResTime" : 1742.4200000000005,
    "throughput" : 18.681113394358302,
    "receivedKBytesPerSec" : 8.866231552400523,
    "sentKBytesPerSec" : 2.170949701102186
  },
  "Total" : {
    "transaction" : "Total",
    "sampleCount" : 600,
    "errorCount" : 330,
    "errorPct" : 55.0,
    "meanResTime" : 1014.2683333333332,
    "medianResTime" : 754.5,
    "minResTime" : 677.0,
    "maxResTime" : 2685.0,
    "pct1ResTime" : 1493.9,
    "pct2ResTime" : 1674.0,
    "pct3ResTime" : 2044.5300000000004,
    "throughput" : 52.576235541535226,
    "receivedKBytesPerSec" : 260.146597331756,
    "sentKBytesPerSec" : 8.009660883280757
  }
}